model,mean,std
human,458.2857142857143,297.2042175655916
gpt-3.5-turbo-1106,566.6160714285714,169.61059632159285
gpt-4-0613,619.1875,132.10064691430762
gpt-4-1106-preview,864.8839285714286,190.20668952933593
gpt-4-0125-preview,764.0803571428571,156.85520725410933
codellama-7b-instruct,1973.2232142857142,1210.9020892781712
codellama-13b-instruct,1180.3035714285713,1020.9330889583812
codellama-34b-instruct,1274.7767857142858,824.0602733441008
deepseek-coder-1.3b-instruct,641.5267857142857,708.9595364211737
deepseek-coder-6.7b-instruct,568.5178571428571,244.38706061370794
deepseek-coder-33b-instruct,597.5892857142857,234.47039691197955
