model,mean,std
vicuna-13b-v1.3,229.95833333333334,170.34364266746857
stablelm-tuned-alpha-7b,466.9583333333333,378.1559399646601
falcon-40b-instruct,126.47916666666667,132.60451688877552
claude-v1,209.58333333333334,126.4339144463313
llama-13b,151.0625,269.6300247754628
