model,mean,std
human,551.3333333333334,348.9307476658752
gpt-3.5-turbo-1106,497.44444444444446,137.00698369151448
gpt-4-1106-preview,868.4444444444445,235.00028894124605
deepseek-coder-1.3b-instruct,617.7777777777778,476.0807069249633
codellama-13b-instruct,690.3333333333334,176.64465271650124
